id,name,duedate,completed
1,Fa jer,2021-08-29,yes
2,Fa jer,2021-08-29,yes
3,Fa jer,2021-08-29,no
4,Fa jer,2021-08-29,no
5,Fa jer,2021-08-28,yes
6,Fa jer,2021-08-28,yes
7,123,2021-08-24,yes
8,123123123,2021-08-16,yes
9,123123123,2021-08-16,no
10,1234535,2021-08-30,yes
11,1234535,2021-08-30,no
12,1234535,2021-08-30,yes
13,11111,23-71-2021,yes
14,11111111,2021-08-30,no
15,123123,2021-08-31,no
17,bbbbbb,2021-08-31,yes
18,111,23-71-2021,no
19,111111,23-71-2021,no
20,123,31-71-2021,no
21,123,31-71-2021,no
22,123,31-71-2021,no
23,123,31-71-2021,no
24,123,2021-08-31,no

25,231,1-81-2021,no
26,213,1-81-2021,no
27,123,2021-09-30,no